<?xml version="1.0" encoding="UTF-8"?>

<SPP>
		<event name ="GlucoseStimulation">
			<barcode>1001</barcode>
			<order>1</order>
			<entityGroupName>Event1</entityGroupName>
			<unique_id>1001</unique_id>
		</event>
		<event name ="ExerciseStimulation">
			<barcode>1002</barcode>
			<order>2</order>
			<entityGroupName>Event1</entityGroupName>
			<unique_id>1002</unique_id>
		</event>
		<event name ="PeripheralBloodDraw">
			<barcode>1003</barcode>
			<order>3</order>
			<entityGroupName>Event1</entityGroupName>
			<unique_id>1003</unique_id>
		</event>

		
</SPP>
