<?xml version="1.0" encoding="UTF-8"?>

<SPP>
		<event name ="DissectandDivideEvent">
			<barcode>118</barcode>
			<order>1</order>
			<entityGroupName>Event</entityGroupName>
			<unique_id>118</unique_id>
		</event>
		<event name ="SnapFreeze">
			<barcode>119</barcode>
			<order>2</order>
			<entityGroupName>Event</entityGroupName>
			<unique_id>119</unique_id>
		</event>
		<event name ="VitalsMeasurement">
			<barcode>120</barcode>
			<order>3</order>
			<entityGroupName>Event</entityGroupName>
			<unique_id>120</unique_id>
		</event>

		
</SPP>
